Season,Round,Circuit,Laps,NumParticipants,Driver,DriverNumber,Team,GridPosition,QualifyingPosition,Q1Time,AirTemp,Humidity,Pressure,TrackTemp,WindDirection,WindSpeed,NumPitStops,PitStopLaps,TyreCompounds,ClassificationResult,Points
2020,1,Spielberg,68.0,20,BOT,77,Mercedes,1.0,1.0,64.111,27.5,35.1,939.4,55.6,99,1.7,2,"[22, 52]","['SOFT', 'HARD', 'HARD']",0.0,25.0
2020,1,Spielberg,68.0,20,LEC,16,Ferrari,7.0,7.0,64.5,27.5,35.1,939.4,55.6,99,1.7,3,"[21, 46, 51]","['SOFT', 'HARD', 'MEDIUM', 'MEDIUM']",-5.0,18.0
2020,1,Spielberg,68.0,20,NOR,4,McLaren,3.0,4.0,64.606,27.5,35.1,939.4,55.6,99,1.7,3,"[21, 46, 51]","['SOFT', 'HARD', 'MEDIUM', 'MEDIUM']",0.0,16.0
2020,1,Spielberg,68.0,20,HAM,44,Mercedes,5.0,2.0,64.198,27.5,35.1,939.4,55.6,99,1.7,2,"[21, 51]","['SOFT', 'HARD', 'HARD']",-1.0,12.0
2020,1,Spielberg,68.0,20,SAI,55,McLaren,8.0,8.0,64.537,27.5,35.1,939.4,55.6,99,1.7,3,"[21, 47, 51]","['SOFT', 'HARD', 'MEDIUM', 'MEDIUM']",-3.0,10.0
2020,1,Spielberg,68.0,20,PER,11,Racing Point,6.0,6.0,64.543,27.5,35.1,939.4,55.6,99,1.7,2,"[21, 51]","['SOFT', 'MEDIUM', 'MEDIUM']",0.0,8.0
2020,1,Spielberg,68.0,20,GAS,10,AlphaTauri,12.0,12.0,64.603,27.5,35.1,939.4,55.6,99,1.7,2,"[21, 51]","['MEDIUM', 'HARD', 'HARD']",-5.0,6.0
2020,1,Spielberg,68.0,20,OCO,31,Renault,14.0,14.0,64.933,27.5,35.1,939.4,55.6,99,1.7,2,"[21, 51]","['MEDIUM', 'HARD', 'HARD']",-6.0,4.0
2020,1,Spielberg,68.0,20,GIO,99,Alfa Romeo Racing,18.0,18.0,65.175,27.5,35.1,939.4,55.6,99,1.7,3,"[20, 50, 51]","['MEDIUM', 'HARD', 'SOFT', 'SOFT']",-9.0,2.0
2020,1,Spielberg,68.0,20,VET,5,Ferrari,11.0,11.0,64.554,27.5,35.1,939.4,55.6,99,1.7,3,"[21, 46, 51]","['MEDIUM', 'HARD', 'SOFT', 'SOFT']",-1.0,1.0
2020,1,Spielberg,68.0,20,LAT,6,Williams,20.0,20.0,65.757,27.5,35.1,939.4,55.6,99,1.7,3,"[21, 46, 51]","['MEDIUM', 'HARD', 'SOFT', 'SOFT']",-9.0,0.0
2020,1,Spielberg,68.0,20,KVY,26,AlphaTauri,13.0,13.0,65.031,27.5,35.1,939.4,55.6,99,1.7,3,"[21, 46, 51]","['MEDIUM', 'HARD', 'SOFT', 'SOFT']",-1.0,0.0
2020,1,Spielberg,68.0,20,ALB,23,Red Bull Racing,4.0,5.0,64.661,27.5,35.1,939.4,55.6,99,1.7,3,"[21, 46, 51]","['SOFT', 'HARD', 'SOFT', 'SOFT']",9.0,0.0
2020,1,Spielberg,68.0,20,RAI,7,Alfa Romeo Racing,19.0,19.0,65.224,27.5,35.1,939.4,55.6,99,1.7,2,"[19, 46]","['MEDIUM', 'HARD', 'SOFT']",-5.0,0.0
2020,1,Spielberg,68.0,20,RUS,63,Williams,17.0,17.0,65.167,27.5,35.1,939.4,55.6,99,1.7,1,[20],"['MEDIUM', 'HARD']",-2.0,0.0
2020,1,Spielberg,68.0,20,GRO,8,Haas F1 Team,15.0,15.0,65.094,27.5,35.1,939.4,55.6,99,1.7,1,[15],"['MEDIUM', 'HARD']",1.0,0.0
2020,2,Spielberg,71.0,20,HAM,44,Mercedes,1.0,1.0,78.188,19.4,36.2,946.1,38.7,348,1.1,1,[27],"['SOFT', 'MEDIUM']",0.0,25.0
2020,2,Spielberg,71.0,20,BOT,77,Mercedes,4.0,4.0,78.791,19.4,36.2,946.1,38.7,348,1.1,1,[34],"['SOFT', 'MEDIUM']",-2.0,18.0
2020,2,Spielberg,71.0,20,VER,33,Red Bull Racing,2.0,2.0,78.297,19.4,36.2,946.1,38.7,348,1.1,2,"[24, 68]","['SOFT', 'MEDIUM', 'SOFT']",1.0,15.0
2020,2,Spielberg,71.0,20,ALB,23,Red Bull Racing,6.0,7.0,80.882,19.4,36.2,946.1,38.7,348,1.1,1,[35],"['SOFT', 'MEDIUM']",-2.0,12.0
2020,2,Spielberg,71.0,20,NOR,4,McLaren,9.0,6.0,78.504,19.4,36.2,946.1,38.7,348,1.1,1,[39],"['SOFT', 'MEDIUM']",-4.0,10.0
2020,2,Spielberg,71.0,20,PER,11,Racing Point,17.0,17.0,81.607,19.4,36.2,946.1,38.7,348,1.1,1,[38],"['SOFT', 'MEDIUM']",-11.0,8.0
2020,2,Spielberg,71.0,20,STR,18,Racing Point,12.0,13.0,79.697,19.4,36.2,946.1,38.7,348,1.1,1,[33],"['SOFT', 'MEDIUM']",-5.0,6.0
2020,2,Spielberg,71.0,20,RIC,3,Renault,8.0,9.0,79.662,19.4,36.2,946.1,38.7,348,1.1,1,[37],"['MEDIUM', 'SOFT']",0.0,4.0
2020,2,Spielberg,71.0,20,SAI,55,McLaren,3.0,3.0,78.59,19.4,36.2,946.1,38.7,348,1.1,2,"[32, 66]","['SOFT', 'MEDIUM', 'SOFT']",6.0,3.0
2020,2,Spielberg,71.0,20,KVY,26,AlphaTauri,13.0,14.0,79.824,19.4,36.2,946.1,38.7,348,1.1,1,[36],"['MEDIUM', 'HARD']",-3.0,1.0
2020,2,Spielberg,71.0,20,RAI,7,Alfa Romeo Racing,16.0,16.0,81.14,19.4,36.2,946.1,38.7,348,1.1,1,[44],"['MEDIUM', 'SOFT']",-5.0,0.0
2020,2,Spielberg,71.0,20,MAG,20,Haas F1 Team,15.0,15.0,81.14,19.4,36.2,946.1,38.7,348,1.1,1,[31],"['SOFT', 'MEDIUM']",-3.0,0.0
2020,2,Spielberg,71.0,20,GRO,8,Haas F1 Team,0.0,20.0,,19.4,36.2,946.1,38.7,348,1.1,1,[37],"['SOFT', 'MEDIUM']",13.0,0.0
2020,2,Spielberg,71.0,20,GIO,99,Alfa Romeo Racing,19.0,19.0,81.831,19.4,36.2,946.1,38.7,348,1.1,1,[39],"['MEDIUM', 'SOFT']",-5.0,0.0
2020,2,Spielberg,71.0,20,GAS,10,AlphaTauri,7.0,8.0,80.192,19.4,36.2,946.1,38.7,348,1.1,2,"[24, 49]","['SOFT', 'HARD', 'SOFT']",8.0,0.0
2020,2,Spielberg,71.0,20,RUS,63,Williams,11.0,12.0,80.382,19.4,36.2,946.1,38.7,348,1.1,1,[34],"['SOFT', 'MEDIUM']",5.0,0.0
2020,2,Spielberg,71.0,20,LAT,6,Williams,18.0,18.0,81.759,19.4,36.2,946.1,38.7,348,1.1,1,[32],"['MEDIUM', 'SOFT']",-1.0,0.0
2020,2,Spielberg,71.0,20,LEC,16,Ferrari,14.0,11.0,80.871,19.4,36.2,946.1,38.7,348,1.1,1,[1],"['SOFT', 'HARD']",5.0,0.0
2020,3,Budapest,70.0,20,HAM,44,Mercedes,1.0,1.0,74.907,20.4,79.5,986.6,26.7,114,1.5,3,"[3, 37, 66]","['INTERMEDIATE', 'MEDIUM', 'MEDIUM', 'SOFT']",0.0,26.0
2020,3,Budapest,70.0,20,VER,33,Red Bull Racing,7.0,7.0,75.495,20.4,79.5,986.6,26.7,114,1.5,2,"[4, 36]","['INTERMEDIATE', 'MEDIUM', 'HARD']",-5.0,18.0
2020,3,Budapest,70.0,20,BOT,77,Mercedes,2.0,2.0,75.474,20.4,79.5,986.6,26.7,114,1.5,3,"[2, 33, 49]","['INTERMEDIATE', 'MEDIUM', 'MEDIUM', 'HARD']",1.0,15.0
2020,3,Budapest,70.0,20,STR,18,Racing Point,3.0,3.0,74.895,20.4,79.5,986.6,26.7,114,1.5,3,"[3, 35, 52]","['INTERMEDIATE', 'MEDIUM', 'MEDIUM', 'HARD']",1.0,12.0
2020,3,Budapest,70.0,20,ALB,23,Red Bull Racing,13.0,13.0,75.722,20.4,79.5,986.6,26.7,114,1.5,2,"[3, 34]","['INTERMEDIATE', 'MEDIUM', 'HARD']",-8.0,10.0
2020,3,Budapest,70.0,20,VET,5,Ferrari,5.0,5.0,75.455,20.4,79.5,986.6,26.7,114,1.5,2,"[3, 29]","['INTERMEDIATE', 'MEDIUM', 'HARD']",1.0,8.0
2020,3,Budapest,70.0,20,PER,11,Racing Point,4.0,4.0,74.681,20.4,79.5,986.6,26.7,114,1.5,2,"[3, 35]","['INTERMEDIATE', 'MEDIUM', 'HARD']",3.0,6.0
2020,3,Budapest,70.0,20,RIC,3,Renault,11.0,11.0,75.848,20.4,79.5,986.6,26.7,114,1.5,2,"[4, 43]","['INTERMEDIATE', 'MEDIUM', 'MEDIUM']",-3.0,4.0
2020,3,Budapest,70.0,20,SAI,55,McLaren,9.0,9.0,75.281,20.4,79.5,986.6,26.7,114,1.5,2,"[3, 40]","['INTERMEDIATE', 'MEDIUM', 'HARD']",0.0,2.0
2020,3,Budapest,70.0,20,MAG,20,Haas F1 Team,0.0,16.0,76.152,20.4,79.5,986.6,26.7,114,1.5,1,[35],"['MEDIUM', 'HARD']",10.0,1.0
2020,3,Budapest,70.0,20,LEC,16,Ferrari,6.0,6.0,75.793,20.4,79.5,986.6,26.7,114,1.5,2,"[2, 20]","['INTERMEDIATE', 'SOFT', 'HARD']",5.0,0.0
2020,3,Budapest,70.0,20,KVY,26,AlphaTauri,17.0,17.0,76.204,20.4,79.5,986.6,26.7,114,1.5,2,"[1, 18]","['INTERMEDIATE', 'SOFT', 'HARD']",-5.0,0.0
2020,3,Budapest,70.0,20,NOR,4,McLaren,8.0,8.0,75.444,20.4,79.5,986.6,26.7,114,1.5,2,"[4, 35]","['INTERMEDIATE', 'MEDIUM', 'HARD']",5.0,0.0
2020,3,Budapest,70.0,20,OCO,31,Renault,14.0,14.0,75.719,20.4,79.5,986.6,26.7,114,1.5,2,"[4, 31]","['INTERMEDIATE', 'MEDIUM', 'HARD']",0.0,0.0
2020,3,Budapest,70.0,20,RAI,7,Alfa Romeo Racing,20.0,20.0,76.614,20.4,79.5,986.6,26.7,114,1.5,2,"[3, 33]","['INTERMEDIATE', 'MEDIUM', 'HARD']",-5.0,0.0
2020,3,Budapest,70.0,20,GRO,8,Haas F1 Team,0.0,18.0,76.407,20.4,79.5,986.6,26.7,114,1.5,1,[34],"['MEDIUM', 'HARD']",16.0,0.0
2020,3,Budapest,70.0,20,GIO,99,Alfa Romeo Racing,19.0,19.0,76.506,20.4,79.5,986.6,26.7,114,1.5,3,"[4, 20, 40]","['INTERMEDIATE', 'SOFT', 'MEDIUM', 'HARD']",-2.0,0.0
2020,3,Budapest,70.0,20,RUS,63,Williams,12.0,12.0,75.585,20.4,79.5,986.6,26.7,114,1.5,3,"[4, 19, 50]","['INTERMEDIATE', 'SOFT', 'MEDIUM', 'MEDIUM']",6.0,0.0
2020,3,Budapest,70.0,20,LAT,6,Williams,15.0,15.0,76.105,20.4,79.5,986.6,26.7,114,1.5,5,"[3, 4, 31, 39, 52]","['INTERMEDIATE', 'SOFT', 'MEDIUM', 'MEDIUM', 'SOFT', 'HARD']",4.0,0.0
2020,3,Budapest,70.0,20,GAS,10,AlphaTauri,10.0,10.0,75.767,20.4,79.5,986.6,26.7,114,1.5,1,[3],"['INTERMEDIATE', 'SOFT']",10.0,0.0
2020,4,Silverstone,52.0,20,HAM,44,Mercedes,1.0,1.0,85.9,20.8,44.6,998.6,40.7,209,3.2,1,[13],"['MEDIUM', 'HARD']",0.0,25.0
2020,4,Silverstone,52.0,20,VER,33,Red Bull Racing,3.0,3.0,86.115,20.8,44.6,998.6,40.7,209,3.2,2,"[13, 50]","['MEDIUM', 'HARD', 'SOFT']",-1.0,19.0
2020,4,Silverstone,52.0,20,LEC,16,Ferrari,4.0,4.0,86.55,20.8,44.6,998.6,40.7,209,3.2,1,[13],"['MEDIUM', 'HARD']",-1.0,15.0
2020,4,Silverstone,52.0,20,RIC,3,Renault,8.0,8.0,86.677,20.8,44.6,998.6,40.7,209,3.2,1,[12],"['SOFT', 'HARD']",-4.0,12.0
2020,4,Silverstone,52.0,20,NOR,4,McLaren,5.0,5.0,86.855,20.8,44.6,998.6,40.7,209,3.2,1,[12],"['SOFT', 'HARD']",0.0,10.0
2020,4,Silverstone,52.0,20,OCO,31,Renault,9.0,9.0,86.396,20.8,44.6,998.6,40.7,209,3.2,1,[12],"['SOFT', 'HARD']",-3.0,8.0
2020,4,Silverstone,52.0,20,GAS,10,AlphaTauri,11.0,11.0,86.343,20.8,44.6,998.6,40.7,209,3.2,1,[12],"['MEDIUM', 'HARD']",-4.0,6.0
2020,4,Silverstone,52.0,20,ALB,23,Red Bull Racing,12.0,12.0,86.565,20.8,44.6,998.6,40.7,209,3.2,2,"[6, 30]","['MEDIUM', 'HARD', 'MEDIUM']",-4.0,4.0
2020,4,Silverstone,52.0,20,STR,18,Racing Point,6.0,6.0,86.243,20.8,44.6,998.6,40.7,209,3.2,1,[13],"['MEDIUM', 'HARD']",3.0,2.0
2020,4,Silverstone,52.0,20,VET,5,Ferrari,10.0,10.0,86.469,20.8,44.6,998.6,40.7,209,3.2,1,[12],"['SOFT', 'HARD']",0.0,1.0
2020,4,Silverstone,52.0,20,BOT,77,Mercedes,2.0,2.0,85.801,20.8,44.6,998.6,40.7,209,3.2,2,"[13, 50]","['MEDIUM', 'HARD', 'SOFT']",9.0,0.0
2020,4,Silverstone,52.0,20,RUS,63,Williams,20.0,15.0,86.732,20.8,44.6,998.6,40.7,209,3.2,1,[12],"['MEDIUM', 'HARD']",-8.0,0.0
2020,4,Silverstone,52.0,20,SAI,55,McLaren,7.0,7.0,86.715,20.8,44.6,998.6,40.7,209,3.2,2,"[13, 51]","['SOFT', 'HARD', 'MEDIUM']",6.0,0.0
2020,4,Silverstone,52.0,20,GIO,99,Alfa Romeo Racing,15.0,17.0,87.164,20.8,44.6,998.6,40.7,209,3.2,1,[12],"['MEDIUM', 'HARD']",-1.0,0.0
2020,4,Silverstone,52.0,20,LAT,6,Williams,18.0,20.0,87.705,20.8,44.6,998.6,40.7,209,3.2,1,[12],"['MEDIUM', 'HARD']",-3.0,0.0
2020,4,Silverstone,52.0,20,GRO,8,Haas F1 Team,17.0,19.0,87.643,20.8,44.6,998.6,40.7,209,3.2,1,[36],"['MEDIUM', 'HARD']",-1.0,0.0
2020,4,Silverstone,52.0,20,RAI,7,Alfa Romeo Racing,16.0,18.0,87.366,20.8,44.6,998.6,40.7,209,3.2,2,"[12, 47]","['MEDIUM', 'HARD', 'SOFT']",1.0,0.0
2020,5,Silverstone,52.0,20,VER,33,Red Bull Racing,4.0,4.0,87.154,23.7,63.0,1001.4,41.5,5,2.3,2,"[26, 32]","['HARD', 'MEDIUM', 'HARD']",-3.0,25.0
2020,5,Silverstone,52.0,20,HAM,44,Mercedes,2.0,2.0,86.818,23.7,63.0,1001.4,41.5,5,2.3,2,"[14, 41]","['MEDIUM', 'HARD', 'HARD']",0.0,19.0
2020,5,Silverstone,52.0,20,BOT,77,Mercedes,1.0,1.0,86.738,23.7,63.0,1001.4,41.5,5,2.3,2,"[13, 32]","['MEDIUM', 'HARD', 'HARD']",2.0,15.0
2020,5,Silverstone,52.0,20,LEC,16,Ferrari,8.0,8.0,87.427,23.7,63.0,1001.4,41.5,5,2.3,1,[18],"['MEDIUM', 'HARD']",-4.0,12.0
2020,5,Silverstone,52.0,20,ALB,23,Red Bull Racing,9.0,9.0,87.153,23.7,63.0,1001.4,41.5,5,2.3,2,"[6, 30]","['MEDIUM', 'HARD', 'HARD']",-4.0,10.0
2020,5,Silverstone,52.0,20,STR,18,Racing Point,6.0,6.0,87.187,23.7,63.0,1001.4,41.5,5,2.3,2,"[18, 31]","['MEDIUM', 'HARD', 'HARD']",0.0,8.0
2020,5,Silverstone,52.0,20,HUL,27,Racing Point,3.0,3.0,87.279,23.7,63.0,1001.4,41.5,5,2.3,3,"[15, 30, 44]","['MEDIUM', 'HARD', 'HARD', 'SOFT']",4.0,6.0
2020,5,Silverstone,52.0,20,OCO,31,Renault,14.0,11.0,87.278,23.7,63.0,1001.4,41.5,5,2.3,1,[22],"['MEDIUM', 'HARD']",-6.0,4.0
2020,5,Silverstone,52.0,20,NOR,4,McLaren,10.0,10.0,87.217,23.7,63.0,1001.4,41.5,5,2.3,2,"[12, 29]","['MEDIUM', 'HARD', 'HARD']",-1.0,2.0
2020,5,Silverstone,52.0,20,KVY,26,AlphaTauri,16.0,16.0,87.882,23.7,63.0,1001.4,41.5,5,2.3,2,"[19, 35]","['HARD', 'HARD', 'MEDIUM']",-6.0,1.0
2020,5,Silverstone,52.0,20,GAS,10,AlphaTauri,7.0,7.0,87.154,23.7,63.0,1001.4,41.5,5,2.3,2,"[7, 23]","['MEDIUM', 'HARD', 'HARD']",4.0,0.0
2020,5,Silverstone,52.0,20,VET,5,Ferrari,11.0,12.0,87.612,23.7,63.0,1001.4,41.5,5,2.3,2,"[22, 33]","['HARD', 'HARD', 'MEDIUM']",1.0,0.0
2020,5,Silverstone,52.0,20,SAI,55,McLaren,12.0,13.0,87.45,23.7,63.0,1001.4,41.5,5,2.3,2,"[22, 34]","['HARD', 'MEDIUM', 'HARD']",1.0,0.0
2020,5,Silverstone,52.0,20,RIC,3,Renault,5.0,5.0,87.442,23.7,63.0,1001.4,41.5,5,2.3,3,"[14, 26, 35]","['MEDIUM', 'MEDIUM', 'HARD', 'MEDIUM']",9.0,0.0
2020,5,Silverstone,52.0,20,RAI,7,Alfa Romeo Racing,20.0,20.0,88.493,23.7,63.0,1001.4,41.5,5,2.3,1,[26],"['HARD', 'MEDIUM']",-5.0,0.0
2020,5,Silverstone,52.0,20,GRO,8,Haas F1 Team,13.0,14.0,87.519,23.7,63.0,1001.4,41.5,5,2.3,2,"[17, 38]","['MEDIUM', 'HARD', 'HARD']",3.0,0.0
2020,5,Silverstone,52.0,20,GIO,99,Alfa Romeo Racing,19.0,19.0,88.433,23.7,63.0,1001.4,41.5,5,2.3,2,"[7, 33]","['MEDIUM', 'HARD', 'MEDIUM']",-2.0,0.0
2020,5,Silverstone,52.0,20,RUS,63,Williams,15.0,15.0,87.757,23.7,63.0,1001.4,41.5,5,2.3,3,"[8, 24, 39]","['MEDIUM', 'HARD', 'HARD', 'MEDIUM']",3.0,0.0
2020,5,Silverstone,52.0,20,LAT,6,Williams,18.0,18.0,88.43,23.7,63.0,1001.4,41.5,5,2.3,3,"[9, 26, 46]","['MEDIUM', 'HARD', 'HARD', 'MEDIUM']",1.0,0.0
2020,5,Silverstone,52.0,20,MAG,20,Haas F1 Team,17.0,17.0,88.236,23.7,63.0,1001.4,41.5,5,2.3,2,"[9, 20]","['MEDIUM', 'HARD', 'HARD']",3.0,0.0
2020,6,Barcelona,66.0,20,HAM,44,Mercedes,1.0,1.0,76.872,28.8,58.3,998.0,43.9,347,0.9,2,"[23, 50]","['SOFT', 'MEDIUM', 'MEDIUM']",0.0,25.0
2020,6,Barcelona,66.0,20,VER,33,Red Bull Racing,3.0,3.0,77.213,28.8,58.3,998.0,43.9,347,0.9,2,"[21, 41]","['SOFT', 'MEDIUM', 'MEDIUM']",-1.0,18.0
2020,6,Barcelona,66.0,20,BOT,77,Mercedes,2.0,2.0,77.243,28.8,58.3,998.0,43.9,347,0.9,3,"[23, 48, 64]","['SOFT', 'MEDIUM', 'SOFT', 'MEDIUM']",1.0,16.0
2020,6,Barcelona,66.0,20,STR,18,Racing Point,5.0,5.0,77.316,28.8,58.3,998.0,43.9,347,0.9,2,"[27, 42]","['SOFT', 'MEDIUM', 'SOFT']",-1.0,12.0
2020,6,Barcelona,66.0,20,PER,11,Racing Point,4.0,4.0,77.117,28.8,58.3,998.0,43.9,347,0.9,1,[29],"['SOFT', 'MEDIUM']",1.0,10.0
2020,6,Barcelona,66.0,20,SAI,55,McLaren,7.0,7.0,77.438,28.8,58.3,998.0,43.9,347,0.9,2,"[22, 41]","['SOFT', 'SOFT', 'MEDIUM']",-1.0,8.0
2020,6,Barcelona,66.0,20,VET,5,Ferrari,11.0,11.0,77.573,28.8,58.3,998.0,43.9,347,0.9,1,[29],"['MEDIUM', 'SOFT']",-4.0,6.0
2020,6,Barcelona,66.0,20,ALB,23,Red Bull Racing,6.0,6.0,77.419,28.8,58.3,998.0,43.9,347,0.9,2,"[17, 39]","['SOFT', 'HARD', 'MEDIUM']",2.0,4.0
2020,6,Barcelona,66.0,20,GAS,10,AlphaTauri,10.0,10.0,77.356,28.8,58.3,998.0,43.9,347,0.9,2,"[21, 42]","['SOFT', 'MEDIUM', 'MEDIUM']",-1.0,2.0
2020,6,Barcelona,66.0,20,NOR,4,McLaren,8.0,8.0,77.577,28.8,58.3,998.0,43.9,347,0.9,2,"[21, 44]","['SOFT', 'SOFT', 'MEDIUM']",2.0,1.0
2020,6,Barcelona,66.0,20,RIC,3,Renault,13.0,13.0,77.667,28.8,58.3,998.0,43.9,347,0.9,1,[35],"['MEDIUM', 'SOFT']",-2.0,0.0
2020,6,Barcelona,66.0,20,KVY,26,AlphaTauri,12.0,12.0,77.676,28.8,58.3,998.0,43.9,347,0.9,2,"[21, 45]","['SOFT', 'MEDIUM', 'MEDIUM']",0.0,0.0
2020,6,Barcelona,66.0,20,OCO,31,Renault,15.0,15.0,77.765,28.8,58.3,998.0,43.9,347,0.9,1,[34],"['MEDIUM', 'SOFT']",-2.0,0.0
2020,6,Barcelona,66.0,20,RAI,7,Alfa Romeo Racing,14.0,14.0,77.797,28.8,58.3,998.0,43.9,347,0.9,2,"[20, 44]","['MEDIUM', 'MEDIUM', 'SOFT']",0.0,0.0
2020,6,Barcelona,66.0,20,MAG,20,Haas F1 Team,16.0,16.0,77.908,28.8,58.3,998.0,43.9,347,0.9,1,[28],"['SOFT', 'MEDIUM']",-1.0,0.0
2020,6,Barcelona,66.0,20,GIO,99,Alfa Romeo Racing,20.0,20.0,78.697,28.8,58.3,998.0,43.9,347,0.9,2,"[21, 45]","['MEDIUM', 'MEDIUM', 'SOFT']",-4.0,0.0
2020,6,Barcelona,66.0,20,RUS,63,Williams,18.0,18.0,78.099,28.8,58.3,998.0,43.9,347,0.9,2,"[19, 35]","['SOFT', 'MEDIUM', 'MEDIUM']",-1.0,0.0
2020,6,Barcelona,66.0,20,LAT,6,Williams,19.0,19.0,78.532,28.8,58.3,998.0,43.9,347,0.9,2,"[28, 49]","['MEDIUM', 'MEDIUM', 'SOFT']",-1.0,0.0
2020,6,Barcelona,66.0,20,GRO,8,Haas F1 Team,17.0,17.0,78.089,28.8,58.3,998.0,43.9,347,0.9,2,"[32, 62]","['MEDIUM', 'SOFT', 'SOFT']",2.0,0.0
2020,6,Barcelona,66.0,20,LEC,16,Ferrari,9.0,9.0,77.256,28.8,58.3,998.0,43.9,347,0.9,1,[29],"['SOFT', 'MEDIUM']",11.0,0.0
2020,7,Spa-Francorchamps,44.0,20,HAM,44,Mercedes,1.0,1.0,102.323,17.5,60.4,962.5,27.4,0,1.0,1,[11],"['MEDIUM', 'HARD']",0.0,25.0
2020,7,Spa-Francorchamps,44.0,20,BOT,77,Mercedes,2.0,2.0,102.534,17.5,60.4,962.5,27.4,0,1.0,1,[11],"['MEDIUM', 'HARD']",0.0,18.0
2020,7,Spa-Francorchamps,44.0,20,VER,33,Red Bull Racing,3.0,3.0,103.197,17.5,60.4,962.5,27.4,0,1.0,1,[11],"['MEDIUM', 'HARD']",0.0,15.0
2020,7,Spa-Francorchamps,44.0,20,RIC,3,Renault,4.0,4.0,103.309,17.5,60.4,962.5,27.4,0,1.0,1,[11],"['SOFT', 'HARD']",0.0,13.0
2020,7,Spa-Francorchamps,44.0,20,OCO,31,Renault,6.0,6.0,103.505,17.5,60.4,962.5,27.4,0,1.0,1,[11],"['SOFT', 'HARD']",-1.0,10.0
2020,7,Spa-Francorchamps,44.0,20,ALB,23,Red Bull Racing,5.0,5.0,103.418,17.5,60.4,962.5,27.4,0,1.0,1,[11],"['SOFT', 'MEDIUM']",1.0,8.0
2020,7,Spa-Francorchamps,44.0,20,NOR,4,McLaren,10.0,10.0,103.514,17.5,60.4,962.5,27.4,0,1.0,1,[11],"['SOFT', 'HARD']",-3.0,6.0
2020,7,Spa-Francorchamps,44.0,20,GAS,10,AlphaTauri,12.0,12.0,103.262,17.5,60.4,962.5,27.4,0,1.0,1,[26],"['HARD', 'MEDIUM']",-4.0,4.0
2020,7,Spa-Francorchamps,44.0,20,STR,18,Racing Point,9.0,9.0,103.265,17.5,60.4,962.5,27.4,0,1.0,1,[11],"['SOFT', 'HARD']",0.0,2.0
2020,7,Spa-Francorchamps,44.0,20,PER,11,Racing Point,8.0,8.0,103.349,17.5,60.4,962.5,27.4,0,1.0,1,[18],"['SOFT', 'HARD']",2.0,1.0
2020,7,Spa-Francorchamps,44.0,20,KVY,26,AlphaTauri,11.0,11.0,103.267,17.5,60.4,962.5,27.4,0,1.0,1,[11],"['MEDIUM', 'HARD']",0.0,0.0
2020,7,Spa-Francorchamps,44.0,20,RAI,7,Alfa Romeo Racing,16.0,16.0,103.743,17.5,60.4,962.5,27.4,0,1.0,1,[10],"['MEDIUM', 'HARD']",-4.0,0.0
2020,7,Spa-Francorchamps,44.0,20,VET,5,Ferrari,14.0,14.0,103.567,17.5,60.4,962.5,27.4,0,1.0,1,[11],"['MEDIUM', 'HARD']",-1.0,0.0
2020,7,Spa-Francorchamps,44.0,20,LEC,16,Ferrari,13.0,13.0,103.656,17.5,60.4,962.5,27.4,0,1.0,2,"[10, 24]","['SOFT', 'HARD', 'MEDIUM']",1.0,0.0
2020,7,Spa-Francorchamps,44.0,20,GRO,8,Haas F1 Team,17.0,17.0,103.838,17.5,60.4,962.5,27.4,0,1.0,1,[10],"['MEDIUM', 'HARD']",-2.0,0.0
2020,7,Spa-Francorchamps,44.0,20,LAT,6,Williams,19.0,19.0,104.138,17.5,60.4,962.5,27.4,0,1.0,2,"[10, 30]","['MEDIUM', 'HARD', 'MEDIUM']",-3.0,0.0
2020,7,Spa-Francorchamps,44.0,20,MAG,20,Haas F1 Team,20.0,20.0,104.314,17.5,60.4,962.5,27.4,0,1.0,2,"[10, 35]","['MEDIUM', 'HARD', 'SOFT']",-3.0,0.0
2020,8,Monza,53.0,20,LEC,16,Ferrari,13.0,13.0,80.443,27.8,40.0,991.4,45.2,199,2.3,1,[17],"['SOFT', 'HARD']",5.0,0.0
2020,8,Monza,53.0,20,MAG,20,Haas F1 Team,15.0,15.0,80.869,27.8,40.0,991.4,45.2,199,2.3,1,[1],"['MEDIUM', 'HARD']",4.0,0.0
2020,9,Mugello,59.0,20,OCO,31,Renault,10.0,10.0,76.825,30.2,39.0,993.7,45.4,15,2.1,1,[7],"['SOFT', 'SOFT']",4.0,0.0
2020,10,Sochi,53.0,20,BOT,77,Mercedes,3.0,3.0,92.656,28.5,52.1,1012.5,41.3,316,2.7,1,[26],"['MEDIUM', 'HARD']",-2.0,26.0
2020,10,Sochi,53.0,20,VER,33,Red Bull Racing,2.0,2.0,93.63,28.5,52.1,1012.5,41.3,316,2.7,1,[25],"['MEDIUM', 'HARD']",0.0,18.0
2020,10,Sochi,53.0,20,HAM,44,Mercedes,1.0,1.0,92.983,28.5,52.1,1012.5,41.3,316,2.7,1,[16],"['SOFT', 'HARD']",2.0,15.0
2020,10,Sochi,53.0,20,PER,11,Racing Point,4.0,4.0,93.704,28.5,52.1,1012.5,41.3,316,2.7,1,[20],"['SOFT', 'HARD']",0.0,12.0
2020,10,Sochi,53.0,20,RIC,3,Renault,5.0,5.0,93.65,28.5,52.1,1012.5,41.3,316,2.7,1,[15],"['SOFT', 'HARD']",0.0,10.0
2020,10,Sochi,53.0,20,LEC,16,Ferrari,10.0,11.0,94.071,28.5,52.1,1012.5,41.3,316,2.7,1,[28],"['MEDIUM', 'HARD']",-4.0,8.0
2020,10,Sochi,53.0,20,OCO,31,Renault,7.0,7.0,93.557,28.5,52.1,1012.5,41.3,316,2.7,1,[18],"['SOFT', 'HARD']",0.0,6.0
2020,10,Sochi,53.0,20,KVY,26,AlphaTauri,11.0,12.0,93.511,28.5,52.1,1012.5,41.3,316,2.7,1,[30],"['HARD', 'MEDIUM']",-3.0,4.0
2020,10,Sochi,53.0,20,GAS,10,AlphaTauri,9.0,9.0,93.734,28.5,52.1,1012.5,41.3,316,2.7,2,"[18, 42]","['SOFT', 'HARD', 'MEDIUM']",0.0,2.0
2020,10,Sochi,53.0,20,ALB,23,Red Bull Racing,15.0,10.0,93.919,28.5,52.1,1012.5,41.3,316,2.7,2,"[1, 27]","['SOFT', 'HARD', 'MEDIUM']",-5.0,1.0
2020,10,Sochi,53.0,20,GIO,99,Alfa Romeo Racing,17.0,17.0,94.594,28.5,52.1,1012.5,41.3,316,2.7,1,[16],"['MEDIUM', 'HARD']",-6.0,0.0
2020,10,Sochi,53.0,20,MAG,20,Haas F1 Team,18.0,18.0,94.681,28.5,52.1,1012.5,41.3,316,2.7,1,[19],"['MEDIUM', 'HARD']",-6.0,0.0
2020,10,Sochi,53.0,20,VET,5,Ferrari,14.0,15.0,94.134,28.5,52.1,1012.5,41.3,316,2.7,1,[30],"['MEDIUM', 'HARD']",-1.0,0.0
2020,10,Sochi,53.0,20,RAI,7,Alfa Romeo Racing,19.0,20.0,95.267,28.5,52.1,1012.5,41.3,316,2.7,1,[35],"['HARD', 'MEDIUM']",-5.0,0.0
2020,10,Sochi,53.0,20,NOR,4,McLaren,8.0,8.0,93.804,28.5,52.1,1012.5,41.3,316,2.7,2,"[1, 47]","['SOFT', 'HARD', 'MEDIUM']",7.0,0.0
2020,10,Sochi,53.0,20,LAT,6,Williams,20.0,19.0,95.066,28.5,52.1,1012.5,41.3,316,2.7,1,[17],"['MEDIUM', 'HARD']",-4.0,0.0
2020,10,Sochi,53.0,20,GRO,8,Haas F1 Team,16.0,16.0,94.592,28.5,52.1,1012.5,41.3,316,2.7,2,"[17, 42]","['MEDIUM', 'HARD', 'MEDIUM']",1.0,0.0
2020,10,Sochi,53.0,20,RUS,63,Williams,13.0,14.0,94.02,28.5,52.1,1012.5,41.3,316,2.7,3,"[1, 14, 50]","['MEDIUM', 'HARD', 'MEDIUM', 'SOFT']",5.0,0.0
2020,11,Nürburgring,60.0,20,HAM,44,Mercedes,2.0,2.0,86.62,9.0,59.2,947.4,18.0,190,2.7,2,"[16, 45]","['SOFT', 'MEDIUM', 'SOFT']",-1.0,25.0
2020,11,Nürburgring,60.0,20,VER,33,Red Bull Racing,3.0,3.0,86.319,9.0,59.2,947.4,18.0,190,2.7,2,"[16, 45]","['SOFT', 'MEDIUM', 'SOFT']",-1.0,19.0
2020,11,Nürburgring,60.0,20,RIC,3,Renault,6.0,6.0,86.836,9.0,59.2,947.4,18.0,190,2.7,2,"[16, 44]","['SOFT', 'MEDIUM', 'SOFT']",-3.0,15.0
2020,11,Nürburgring,60.0,20,PER,11,Racing Point,9.0,9.0,87.12,9.0,59.2,947.4,18.0,190,2.7,2,"[28, 45]","['SOFT', 'MEDIUM', 'SOFT']",-5.0,12.0
2020,11,Nürburgring,60.0,20,SAI,55,McLaren,10.0,10.0,87.378,9.0,59.2,947.4,18.0,190,2.7,2,"[28, 44]","['SOFT', 'MEDIUM', 'SOFT']",-5.0,10.0
2020,11,Nürburgring,60.0,20,GAS,10,AlphaTauri,12.0,12.0,87.072,9.0,59.2,947.4,18.0,190,2.7,2,"[30, 44]","['MEDIUM', 'HARD', 'SOFT']",-6.0,8.0
2020,11,Nürburgring,60.0,20,LEC,16,Ferrari,4.0,4.0,86.857,9.0,59.2,947.4,18.0,190,2.7,2,"[10, 35]","['SOFT', 'MEDIUM', 'MEDIUM']",3.0,6.0
2020,11,Nürburgring,60.0,20,HUL,27,Racing Point,20.0,20.0,88.021,9.0,59.2,947.4,18.0,190,2.7,2,"[29, 44]","['SOFT', 'MEDIUM', 'SOFT']",-12.0,4.0
2020,11,Nürburgring,60.0,20,GRO,8,Haas F1 Team,16.0,16.0,87.552,9.0,59.2,947.4,18.0,190,2.7,1,[28],"['MEDIUM', 'HARD']",-7.0,2.0
2020,11,Nürburgring,60.0,20,GIO,99,Alfa Romeo Racing,14.0,14.0,87.532,9.0,59.2,947.4,18.0,190,2.7,2,"[15, 36]","['SOFT', 'MEDIUM', 'MEDIUM']",-4.0,1.0
2020,11,Nürburgring,60.0,20,VET,5,Ferrari,11.0,11.0,87.107,9.0,59.2,947.4,18.0,190,2.7,2,"[11, 41]","['MEDIUM', 'HARD', 'SOFT']",0.0,0.0
2020,11,Nürburgring,60.0,20,RAI,7,Alfa Romeo Racing,19.0,19.0,87.817,9.0,59.2,947.4,18.0,190,2.7,2,"[10, 44]","['SOFT', 'MEDIUM', 'SOFT']",-7.0,0.0
2020,11,Nürburgring,60.0,20,MAG,20,Haas F1 Team,15.0,15.0,87.231,9.0,59.2,947.4,18.0,190,2.7,2,"[14, 34]","['SOFT', 'MEDIUM', 'MEDIUM']",-2.0,0.0
2020,11,Nürburgring,60.0,20,LAT,6,Williams,18.0,18.0,87.812,9.0,59.2,947.4,18.0,190,2.7,2,"[14, 33]","['SOFT', 'MEDIUM', 'MEDIUM']",-4.0,0.0
2020,11,Nürburgring,60.0,20,KVY,26,AlphaTauri,13.0,13.0,87.285,9.0,59.2,947.4,18.0,190,2.7,2,"[17, 44]","['MEDIUM', 'HARD', 'SOFT']",2.0,0.0
2020,11,Nürburgring,60.0,20,NOR,4,McLaren,8.0,8.0,86.829,9.0,59.2,947.4,18.0,190,2.7,1,[29],"['SOFT', 'MEDIUM']",8.0,0.0
2020,11,Nürburgring,60.0,20,ALB,23,Red Bull Racing,5.0,5.0,87.126,9.0,59.2,947.4,18.0,190,2.7,1,[7],"['SOFT', 'MEDIUM']",12.0,0.0
2020,11,Nürburgring,60.0,20,BOT,77,Mercedes,1.0,1.0,86.573,9.0,59.2,947.4,18.0,190,2.7,1,[13],"['SOFT', 'MEDIUM']",18.0,0.0
2020,11,Nürburgring,60.0,20,RUS,63,Williams,17.0,17.0,87.564,9.0,59.2,947.4,18.0,190,2.7,1,[11],"['SOFT', 'MEDIUM']",3.0,0.0
2020,12,Portimão,66.0,20,HAM,44,Mercedes,1.0,1.0,76.828,20.7,62.9,1008.5,25.8,153,2.2,1,[40],"['MEDIUM', 'HARD']",0.0,26.0
2020,12,Portimão,66.0,20,BOT,77,Mercedes,2.0,2.0,76.945,20.7,62.9,1008.5,25.8,153,2.2,1,[41],"['MEDIUM', 'HARD']",0.0,18.0
2020,12,Portimão,66.0,20,VER,33,Red Bull Racing,3.0,3.0,76.879,20.7,62.9,1008.5,25.8,153,2.2,1,[23],"['SOFT', 'MEDIUM']",0.0,15.0
2020,12,Portimão,66.0,20,LEC,16,Ferrari,4.0,4.0,77.421,20.7,62.9,1008.5,25.8,153,2.2,1,[34],"['MEDIUM', 'HARD']",0.0,12.0
2020,12,Portimão,66.0,20,GAS,10,AlphaTauri,9.0,9.0,77.209,20.7,62.9,1008.5,25.8,153,2.2,1,[28],"['SOFT', 'MEDIUM']",-4.0,10.0
2020,12,Portimão,66.0,20,SAI,55,McLaren,7.0,7.0,77.627,20.7,62.9,1008.5,25.8,153,2.2,1,[26],"['SOFT', 'MEDIUM']",-1.0,8.0
2020,12,Portimão,66.0,20,PER,11,Racing Point,5.0,5.0,77.37,20.7,62.9,1008.5,25.8,153,2.2,2,"[1, 45]","['SOFT', 'MEDIUM', 'SOFT']",2.0,6.0
2020,12,Portimão,66.0,20,OCO,31,Renault,11.0,11.0,77.775,20.7,62.9,1008.5,25.8,153,2.2,1,[53],"['MEDIUM', 'SOFT']",-3.0,4.0
2020,12,Portimão,66.0,20,RIC,3,Renault,10.0,10.0,77.621,20.7,62.9,1008.5,25.8,153,2.2,1,[14],"['SOFT', 'MEDIUM']",-1.0,2.0
2020,12,Portimão,66.0,20,VET,5,Ferrari,15.0,15.0,77.446,20.7,62.9,1008.5,25.8,153,2.2,1,[27],"['MEDIUM', 'HARD']",-5.0,1.0
2020,12,Portimão,66.0,20,RAI,7,Alfa Romeo Racing,16.0,16.0,78.201,20.7,62.9,1008.5,25.8,153,2.2,1,[11],"['SOFT', 'MEDIUM']",-5.0,0.0
2020,12,Portimão,66.0,20,ALB,23,Red Bull Racing,6.0,6.0,77.435,20.7,62.9,1008.5,25.8,153,2.2,2,"[19, 46]","['SOFT', 'MEDIUM', 'SOFT']",6.0,0.0
2020,12,Portimão,66.0,20,NOR,4,McLaren,8.0,8.0,77.547,20.7,62.9,1008.5,25.8,153,2.2,2,"[18, 43]","['SOFT', 'HARD', 'MEDIUM']",5.0,0.0
2020,12,Portimão,66.0,20,RUS,63,Williams,14.0,14.0,77.931,20.7,62.9,1008.5,25.8,153,2.2,1,[36],"['MEDIUM', 'HARD']",0.0,0.0
2020,12,Portimão,66.0,20,GIO,99,Alfa Romeo Racing,17.0,17.0,78.323,20.7,62.9,1008.5,25.8,153,2.2,1,[28],"['MEDIUM', 'HARD']",-2.0,0.0
2020,12,Portimão,66.0,20,MAG,20,Haas F1 Team,19.0,19.0,78.508,20.7,62.9,1008.5,25.8,153,2.2,1,[31],"['HARD', 'MEDIUM']",-3.0,0.0
2020,12,Portimão,66.0,20,GRO,8,Haas F1 Team,18.0,18.0,78.364,20.7,62.9,1008.5,25.8,153,2.2,1,[26],"['MEDIUM', 'HARD']",-1.0,0.0
2020,12,Portimão,66.0,20,LAT,6,Williams,20.0,20.0,78.777,20.7,62.9,1008.5,25.8,153,2.2,1,[24],"['MEDIUM', 'HARD']",-2.0,0.0
2020,12,Portimão,66.0,20,KVY,26,AlphaTauri,13.0,13.0,77.841,20.7,62.9,1008.5,25.8,153,2.2,2,"[25, 55]","['MEDIUM', 'HARD', 'SOFT']",6.0,0.0
2020,12,Portimão,66.0,20,STR,18,Racing Point,12.0,12.0,77.667,20.7,62.9,1008.5,25.8,153,2.2,2,"[18, 34]","['MEDIUM', 'HARD', 'SOFT']",8.0,0.0
2020,13,Imola,63.0,20,HAM,44,Mercedes,2.0,2.0,74.229,16.9,74.2,1018.2,23.5,60,0.5,2,"[30, 52]","['MEDIUM', 'HARD', 'SOFT']",-1.0,26.0
2020,13,Imola,63.0,20,BOT,77,Mercedes,1.0,1.0,74.221,16.9,74.2,1018.2,23.5,60,0.5,2,"[19, 51]","['MEDIUM', 'HARD', 'SOFT']",1.0,18.0
2020,13,Imola,63.0,20,RIC,3,Renault,5.0,5.0,75.474,16.9,74.2,1018.2,23.5,60,0.5,1,[14],"['SOFT', 'HARD']",-2.0,15.0
2020,13,Imola,63.0,20,KVY,26,AlphaTauri,8.0,8.0,75.412,16.9,74.2,1018.2,23.5,60,0.5,2,"[14, 51]","['SOFT', 'HARD', 'SOFT']",-4.0,12.0
2020,13,Imola,63.0,20,LEC,16,Ferrari,7.0,7.0,75.123,16.9,74.2,1018.2,23.5,60,0.5,1,[13],"['SOFT', 'HARD']",-2.0,10.0
2020,13,Imola,63.0,20,PER,11,Racing Point,11.0,11.0,75.407,16.9,74.2,1018.2,23.5,60,0.5,2,"[27, 51]","['MEDIUM', 'HARD', 'SOFT']",-5.0,8.0
2020,13,Imola,63.0,20,SAI,55,McLaren,10.0,10.0,75.528,16.9,74.2,1018.2,23.5,60,0.5,2,"[17, 51]","['SOFT', 'MEDIUM', 'SOFT']",-3.0,6.0
2020,13,Imola,63.0,20,NOR,4,McLaren,9.0,9.0,75.274,16.9,74.2,1018.2,23.5,60,0.5,2,"[13, 53]","['SOFT', 'MEDIUM', 'SOFT']",-1.0,4.0
2020,13,Imola,63.0,20,RAI,7,Alfa Romeo Racing,18.0,18.0,75.953,16.9,74.2,1018.2,23.5,60,0.5,1,[48],"['MEDIUM', 'SOFT']",-9.0,2.0
2020,13,Imola,63.0,20,GIO,99,Alfa Romeo Racing,20.0,20.0,76.208,16.9,74.2,1018.2,23.5,60,0.5,1,[10],"['SOFT', 'MEDIUM']",-10.0,1.0
2020,13,Imola,63.0,20,LAT,6,Williams,19.0,19.0,75.987,16.9,74.2,1018.2,23.5,60,0.5,1,[34],"['MEDIUM', 'HARD']",-8.0,0.0
2020,13,Imola,63.0,20,VET,5,Ferrari,14.0,14.0,75.571,16.9,74.2,1018.2,23.5,60,0.5,2,"[39, 51]","['MEDIUM', 'HARD', 'SOFT']",-2.0,0.0
2020,13,Imola,63.0,20,STR,18,Racing Point,15.0,15.0,75.822,16.9,74.2,1018.2,23.5,60,0.5,3,"[1, 29, 52]","['MEDIUM', 'HARD', 'MEDIUM', 'SOFT']",-2.0,0.0
2020,13,Imola,63.0,20,GRO,8,Haas F1 Team,16.0,16.0,75.918,16.9,74.2,1018.2,23.5,60,0.5,2,"[9, 50]","['MEDIUM', 'HARD', 'SOFT']",-2.0,0.0
2020,13,Imola,63.0,20,ALB,23,Red Bull Racing,6.0,6.0,75.402,16.9,74.2,1018.2,23.5,60,0.5,2,"[14, 59]","['SOFT', 'HARD', 'SOFT']",9.0,0.0
2020,13,Imola,63.0,20,RUS,63,Williams,13.0,13.0,75.76,16.9,74.2,1018.2,23.5,60,0.5,1,[11],"['MEDIUM', 'HARD']",3.0,0.0
2020,13,Imola,63.0,20,VER,33,Red Bull Racing,3.0,3.0,75.034,16.9,74.2,1018.2,23.5,60,0.5,1,[18],"['MEDIUM', 'HARD']",14.0,0.0
2020,13,Imola,63.0,20,MAG,20,Haas F1 Team,17.0,17.0,75.939,16.9,74.2,1018.2,23.5,60,0.5,1,[27],"['MEDIUM', 'HARD']",1.0,0.0
2020,13,Imola,63.0,20,OCO,31,Renault,12.0,12.0,75.352,16.9,74.2,1018.2,23.5,60,0.5,1,[13],"['MEDIUM', 'HARD']",7.0,0.0
2020,14,Istanbul,58.0,20,HAM,44,Mercedes,6.0,6.0,127.599,12.4,87.2,1008.9,14.5,243,0.5,1,[8],"['WET', 'INTERMEDIATE']",-5.0,25.0
2020,14,Istanbul,58.0,20,PER,11,Racing Point,3.0,3.0,127.614,12.4,87.2,1008.9,14.5,243,0.5,1,[10],"['WET', 'INTERMEDIATE']",-1.0,18.0
2020,14,Istanbul,58.0,20,VET,5,Ferrari,11.0,12.0,123.356,12.4,87.2,1008.9,14.5,243,0.5,2,"[8, 33]","['WET', 'INTERMEDIATE', 'INTERMEDIATE']",-8.0,15.0
2020,14,Istanbul,58.0,20,LEC,16,Ferrari,12.0,14.0,124.464,12.4,87.2,1008.9,14.5,243,0.5,2,"[6, 30]","['WET', 'INTERMEDIATE', 'INTERMEDIATE']",-8.0,12.0
2020,14,Istanbul,58.0,20,SAI,55,McLaren,15.0,13.0,127.489,12.4,87.2,1008.9,14.5,243,0.5,2,"[10, 33]","['WET', 'INTERMEDIATE', 'INTERMEDIATE']",-10.0,10.0
2020,14,Istanbul,58.0,20,VER,33,Red Bull Racing,2.0,2.0,117.485,12.4,87.2,1008.9,14.5,243,0.5,3,"[11, 18, 43]","['WET', 'INTERMEDIATE', 'INTERMEDIATE', 'INTERMEDIATE']",4.0,8.0
2020,14,Istanbul,58.0,20,ALB,23,Red Bull Racing,4.0,4.0,119.431,12.4,87.2,1008.9,14.5,243,0.5,2,"[12, 34]","['WET', 'INTERMEDIATE', 'INTERMEDIATE']",3.0,6.0
2020,14,Istanbul,58.0,20,NOR,4,McLaren,14.0,11.0,127.167,12.4,87.2,1008.9,14.5,243,0.5,2,"[9, 36]","['WET', 'INTERMEDIATE', 'INTERMEDIATE']",-6.0,5.0
2020,14,Istanbul,58.0,20,STR,18,Racing Point,1.0,1.0,127.467,12.4,87.2,1008.9,14.5,243,0.5,2,"[9, 36]","['WET', 'INTERMEDIATE', 'INTERMEDIATE']",8.0,2.0
2020,14,Istanbul,58.0,20,RIC,3,Renault,5.0,5.0,125.598,12.4,87.2,1008.9,14.5,243,0.5,2,"[10, 32]","['WET', 'INTERMEDIATE', 'INTERMEDIATE']",5.0,1.0
2020,14,Istanbul,58.0,20,OCO,31,Renault,7.0,7.0,126.115,12.4,87.2,1008.9,14.5,243,0.5,2,"[1, 10]","['WET', 'WET', 'INTERMEDIATE']",4.0,0.0
2020,14,Istanbul,58.0,20,KVY,26,AlphaTauri,16.0,17.0,129.07,12.4,87.2,1008.9,14.5,243,0.5,1,[8],"['WET', 'INTERMEDIATE']",-4.0,0.0
2020,14,Istanbul,58.0,20,GAS,10,AlphaTauri,19.0,15.0,125.579,12.4,87.2,1008.9,14.5,243,0.5,2,"[10, 33]","['WET', 'INTERMEDIATE', 'INTERMEDIATE']",-6.0,0.0
2020,14,Istanbul,58.0,20,BOT,77,Mercedes,9.0,9.0,127.001,12.4,87.2,1008.9,14.5,243,0.5,2,"[7, 46]","['WET', 'INTERMEDIATE', 'INTERMEDIATE']",5.0,0.0
2020,14,Istanbul,58.0,20,RAI,7,Alfa Romeo Racing,8.0,8.0,121.249,12.4,87.2,1008.9,14.5,243,0.5,3,"[8, 30, 50]","['WET', 'INTERMEDIATE', 'INTERMEDIATE', 'INTERMEDIATE']",7.0,0.0
2020,14,Istanbul,58.0,20,RUS,63,Williams,0.0,18.0,130.017,12.4,87.2,1008.9,14.5,243,0.5,2,"[32, 42]","['INTERMEDIATE', 'INTERMEDIATE', 'INTERMEDIATE']",16.0,0.0
2020,14,Istanbul,58.0,20,GRO,8,Haas F1 Team,17.0,19.0,132.909,12.4,87.2,1008.9,14.5,243,0.5,2,"[8, 36]","['WET', 'INTERMEDIATE', 'INTERMEDIATE']",1.0,0.0
2020,14,Istanbul,58.0,20,LAT,6,Williams,0.0,20.0,141.611,12.4,87.2,1008.9,14.5,243,0.5,2,"[8, 38]","['INTERMEDIATE', 'INTERMEDIATE', 'INTERMEDIATE']",19.0,0.0
2020,14,Istanbul,58.0,20,GIO,99,Alfa Romeo Racing,10.0,10.0,127.341,12.4,87.2,1008.9,14.5,243,0.5,1,[8],"['WET', 'INTERMEDIATE']",10.0,0.0
2020,16,Sakhir,87.0,20,PER,11,Racing Point,5.0,5.0,54.236,22.0,57.7,1015.4,24.7,4,2.1,2,"[1, 47]","['SOFT', 'MEDIUM', 'HARD']",-4.0,25.0
2020,16,Sakhir,87.0,20,OCO,31,Renault,11.0,11.0,54.309,22.0,57.7,1015.4,24.7,4,2.1,1,[41],"['MEDIUM', 'HARD']",-9.0,18.0
2020,16,Sakhir,87.0,20,STR,18,Racing Point,10.0,10.0,54.595,22.0,57.7,1015.4,24.7,4,2.1,1,[42],"['SOFT', 'MEDIUM']",-7.0,15.0
2020,16,Sakhir,87.0,20,SAI,55,McLaren,8.0,8.0,54.45,22.0,57.7,1015.4,24.7,4,2.1,2,"[28, 55]","['SOFT', 'MEDIUM', 'MEDIUM']",-4.0,12.0
2020,16,Sakhir,87.0,20,RIC,3,Renault,7.0,7.0,54.388,22.0,57.7,1015.4,24.7,4,2.1,2,"[29, 55]","['SOFT', 'MEDIUM', 'HARD']",-2.0,10.0
2020,16,Sakhir,87.0,20,ALB,23,Red Bull Racing,12.0,12.0,54.62,22.0,57.7,1015.4,24.7,4,2.1,2,"[47, 62]","['MEDIUM', 'HARD', 'SOFT']",-6.0,8.0
2020,16,Sakhir,87.0,20,KVY,26,AlphaTauri,6.0,6.0,54.346,22.0,57.7,1015.4,24.7,4,2.1,2,"[27, 53]","['SOFT', 'MEDIUM', 'HARD']",1.0,6.0
2020,16,Sakhir,87.0,20,RUS,63,Mercedes,2.0,2.0,54.16,22.0,57.7,1015.4,24.7,4,2.1,4,"[45, 62, 63, 78]","['MEDIUM', 'HARD', 'MEDIUM', 'MEDIUM', 'SOFT']",7.0,3.0
2020,16,Sakhir,87.0,20,NOR,4,McLaren,19.0,15.0,54.194,22.0,57.7,1015.4,24.7,4,2.1,2,"[20, 54]","['SOFT', 'MEDIUM', 'MEDIUM']",-9.0,1.0
2020,16,Sakhir,87.0,20,GAS,10,AlphaTauri,9.0,9.0,54.207,22.0,57.7,1015.4,24.7,4,2.1,2,"[28, 51]","['SOFT', 'MEDIUM', 'HARD']",2.0,0.0
2020,16,Sakhir,87.0,20,VET,5,Ferrari,13.0,13.0,54.301,22.0,57.7,1015.4,24.7,4,2.1,3,"[31, 54, 63]","['MEDIUM', 'HARD', 'SOFT', 'SOFT']",-1.0,0.0
2020,16,Sakhir,87.0,20,GIO,99,Alfa Romeo Racing,14.0,14.0,54.523,22.0,57.7,1015.4,24.7,4,2.1,2,"[26, 54]","['MEDIUM', 'HARD', 'MEDIUM']",-1.0,0.0
2020,16,Sakhir,87.0,20,RAI,7,Alfa Romeo Racing,18.0,19.0,54.963,22.0,57.7,1015.4,24.7,4,2.1,3,"[23, 54, 62]","['MEDIUM', 'HARD', 'MEDIUM', 'SOFT']",-4.0,0.0
2020,16,Sakhir,87.0,20,MAG,20,Haas F1 Team,15.0,16.0,54.705,22.0,57.7,1015.4,24.7,4,2.1,2,"[26, 54]","['SOFT', 'MEDIUM', 'SOFT']",0.0,0.0
2020,16,Sakhir,87.0,20,AIT,89,Williams,17.0,18.0,54.892,22.0,57.7,1015.4,24.7,4,2.1,3,"[31, 54, 59]","['MEDIUM', 'HARD', 'MEDIUM', 'SOFT']",-1.0,0.0
2020,16,Sakhir,87.0,20,FIT,51,Haas F1 Team,20.0,20.0,55.426,22.0,57.7,1015.4,24.7,4,2.1,3,"[31, 53, 63]","['SOFT', 'MEDIUM', 'SOFT', 'SOFT']",-3.0,0.0
2020,16,Sakhir,87.0,20,LAT,6,Williams,16.0,17.0,54.796,22.0,57.7,1015.4,24.7,4,2.1,1,[27],"['SOFT', 'MEDIUM']",2.0,0.0
2020,17,Yas Island,55.0,20,VER,33,Red Bull Racing,1.0,1.0,95.993,23.7,50.7,1015.5,31.3,255,1.6,1,[10],"['MEDIUM', 'HARD']",0.0,25.0
2020,17,Yas Island,55.0,20,BOT,77,Mercedes,2.0,2.0,95.699,23.7,50.7,1015.5,31.3,255,1.6,1,[10],"['MEDIUM', 'HARD']",0.0,18.0
2020,17,Yas Island,55.0,20,HAM,44,Mercedes,3.0,3.0,95.528,23.7,50.7,1015.5,31.3,255,1.6,1,[10],"['MEDIUM', 'HARD']",0.0,15.0
2020,17,Yas Island,55.0,20,ALB,23,Red Bull Racing,5.0,5.0,96.106,23.7,50.7,1015.5,31.3,255,1.6,1,[10],"['SOFT', 'HARD']",-1.0,12.0
2020,17,Yas Island,55.0,20,NOR,4,McLaren,4.0,4.0,96.016,23.7,50.7,1015.5,31.3,255,1.6,1,[10],"['SOFT', 'HARD']",1.0,10.0
2020,17,Yas Island,55.0,20,SAI,55,McLaren,6.0,6.0,96.517,23.7,50.7,1015.5,31.3,255,1.6,1,[10],"['MEDIUM', 'HARD']",0.0,8.0
2020,17,Yas Island,55.0,20,RIC,3,Renault,11.0,12.0,96.704,23.7,50.7,1015.5,31.3,255,1.6,1,[39],"['HARD', 'MEDIUM']",-4.0,7.0
2020,17,Yas Island,55.0,20,GAS,10,AlphaTauri,9.0,10.0,96.545,23.7,50.7,1015.5,31.3,255,1.6,1,[10],"['SOFT', 'HARD']",-1.0,4.0
2020,17,Yas Island,55.0,20,OCO,31,Renault,10.0,11.0,96.783,23.7,50.7,1015.5,31.3,255,1.6,1,[10],"['MEDIUM', 'HARD']",-1.0,2.0
2020,17,Yas Island,55.0,20,STR,18,Racing Point,8.0,8.0,96.502,23.7,50.7,1015.5,31.3,255,1.6,1,[10],"['SOFT', 'HARD']",2.0,1.0
2020,17,Yas Island,55.0,20,KVY,26,AlphaTauri,7.0,7.0,96.459,23.7,50.7,1015.5,31.3,255,1.6,1,[10],"['SOFT', 'HARD']",4.0,0.0
2020,17,Yas Island,55.0,20,RAI,7,Alfa Romeo Racing,15.0,16.0,97.555,23.7,50.7,1015.5,31.3,255,1.6,1,[10],"['MEDIUM', 'HARD']",-3.0,0.0
2020,17,Yas Island,55.0,20,LEC,16,Ferrari,12.0,9.0,95.881,23.7,50.7,1015.5,31.3,255,1.6,1,[22],"['MEDIUM', 'HARD']",1.0,0.0
2020,17,Yas Island,55.0,20,VET,5,Ferrari,13.0,13.0,96.655,23.7,50.7,1015.5,31.3,255,1.6,1,[35],"['HARD', 'MEDIUM']",1.0,0.0
2020,17,Yas Island,55.0,20,RUS,63,Williams,16.0,18.0,98.045,23.7,50.7,1015.5,31.3,255,1.6,1,[10],"['MEDIUM', 'HARD']",-1.0,0.0
2020,17,Yas Island,55.0,20,GIO,99,Alfa Romeo Racing,14.0,14.0,97.075,23.7,50.7,1015.5,31.3,255,1.6,1,[27],"['MEDIUM', 'HARD']",2.0,0.0
2020,17,Yas Island,55.0,20,LAT,6,Williams,18.0,20.0,98.443,23.7,50.7,1015.5,31.3,255,1.6,2,"[11, 35]","['MEDIUM', 'HARD', 'MEDIUM']",-1.0,0.0
2020,17,Yas Island,55.0,20,MAG,20,Haas F1 Team,20.0,17.0,97.863,23.7,50.7,1015.5,31.3,255,1.6,2,"[31, 47]","['HARD', 'MEDIUM', 'MEDIUM']",-2.0,0.0
2020,17,Yas Island,55.0,20,FIT,51,Haas F1 Team,17.0,19.0,98.173,23.7,50.7,1015.5,31.3,255,1.6,3,"[10, 34, 48]","['MEDIUM', 'HARD', 'MEDIUM', 'SOFT']",2.0,0.0
